DELETE
FROM CATEGORIES;

DELETE
FROM ROLES;

DELETE
FROM SAVEDVIDEOS;

DELETE
FROM USEREMAILS;

DELETE
FROM USERROLES;

DELETE
FROM USERS;

DELETE
FROM VIDEOCATEGORIES;

DELETE
FROM VIDEOS;

insert into CATEGORIES (catid, name) values (1, 'Technology');
insert into CATEGORIES (catid, name) values (2, 'Beauty');
insert into CATEGORIES (catid, name) values (3, 'Fun');
insert into CATEGORIES (catid, name) values (4, 'Kids');

insert into ROLES (roleid, name) values (1, 'ADMIN');
insert into ROLES (roleid, name) values (2, 'DATA');
insert into ROLES (roleid, name) values (3, 'USER');

insert into USERS (UUID, PASSWORD, PRIMARYEMAIL, USERNAME) values (1, 'password', 'athicking0@mit.edu', 'admin');
insert into USERS (UUID, PASSWORD, PRIMARYEMAIL, USERNAME) values (2, 'password', 'tscowcroft1@shop-pro.jp', 'data');
insert into USERS (UUID, PASSWORD, PRIMARYEMAIL, USERNAME) values (3, 'password', 'dtrail2@ed.gov', 'user');
insert into USERS (UUID, PASSWORD, PRIMARYEMAIL, USERNAME) values (4, 'password', 'lcoltman3@ftc.gov', 'dwilloughway3');
insert into USERS (UUID, PASSWORD, PRIMARYEMAIL, USERNAME) values (5, 'XFmuKjjykd', 'mmckeand4@sciencedirect.com', 'epalfrey4');
insert into USERS (UUID, PASSWORD, PRIMARYEMAIL, USERNAME) values (6, 'Nq3thSiD', 'rtibbits5@wiley.com', 'jlaugherane5');
insert into USERS (UUID, PASSWORD, PRIMARYEMAIL, USERNAME) values (7, 'hNZf66HgDnvt', 'bharcourt6@e-recht24.de', 'vharrismith6');
insert into USERS (UUID, PASSWORD, PRIMARYEMAIL, USERNAME) values (8, 'aaGxUB7Q4', 'ngostling7@miibeian.gov.cn', 'ewyant7');
insert into USERS (UUID, PASSWORD, PRIMARYEMAIL, USERNAME) values (9, 'zbfzCE6U', 'dloxley8@wikipedia.org', 'mgatteridge8');
insert into USERS (UUID, PASSWORD, PRIMARYEMAIL, USERNAME) values (10, 'SIVAB6D', 'ppenman9@live.com', 'kschutze9');
insert into USERS (UUID, PASSWORD, PRIMARYEMAIL, USERNAME) values (11, 'brag0b7', 'gdenizeta@bandcamp.com', 'ddashkova');
insert into USERS (UUID, PASSWORD, PRIMARYEMAIL, USERNAME) values (12, 'qrl5X9HFw', 'mjahanb@wired.com', 'nlangmanb');
insert into USERS (UUID, PASSWORD, PRIMARYEMAIL, USERNAME) values (13, 'fHXD4e2x', 'tcumptonc@cnet.com', 'rcrichtenc');
insert into USERS (UUID, PASSWORD, PRIMARYEMAIL, USERNAME) values (14, 'hkMcmgRBpO', 'kbeazeyd@techcrunch.com', 'theddyd');
insert into USERS (UUID, PASSWORD, PRIMARYEMAIL, USERNAME) values (15, 'xg7iuC08S7', 'gborzonee@delicious.com', 'iaikine');
insert into USERS (UUID, PASSWORD, PRIMARYEMAIL, USERNAME) values (16, 'NIxOgqsoL9', 'pcelandf@delicious.com', 'dswetenhamf');
insert into USERS (UUID, PASSWORD, PRIMARYEMAIL, USERNAME) values (17, 'pd889rpi', 'khugoning@mozilla.com', 'lcoccig');
insert into USERS (UUID, PASSWORD, PRIMARYEMAIL, USERNAME) values (18, 'OPy4AWlXg2', 'escoatesh@cargocollective.com', 'cblayneyh');
insert into USERS (UUID, PASSWORD, PRIMARYEMAIL, USERNAME) values (19, 'wsQpT8oE', 'pweltoni@businessweek.com', 'qalltimesi');
insert into USERS (UUID, PASSWORD, PRIMARYEMAIL, USERNAME) values (20, '6jVH8VUZZBh', 'cmothj@weibo.com', 'aropkinsj');
insert into USERS (UUID, PASSWORD, PRIMARYEMAIL, USERNAME) values (21, 'm5wMkfMP', 'vlodekek@printfriendly.com', 'zvasentsovk');
insert into USERS (UUID, PASSWORD, PRIMARYEMAIL, USERNAME) values (22, '4KbipoZqK3J', 'bbascombel@tmall.com', 'asevernl');
insert into USERS (UUID, PASSWORD, PRIMARYEMAIL, USERNAME) values (23, 'HRg7J9EK', 'bdesimonem@comsenz.com', 'asiviourm');
insert into USERS (UUID, PASSWORD, PRIMARYEMAIL, USERNAME) values (24, 'QJIxdH', 'bmunganen@japanpost.jp', 'sskacen');
insert into USERS (UUID, PASSWORD, PRIMARYEMAIL, USERNAME) values (25, '68ELVSgd4CbV', 'rfeehano@goodreads.com', 'ccordleo');
insert into USERS (UUID, PASSWORD, PRIMARYEMAIL, USERNAME) values (26, 'fiut257zK2', 'wwaterstonep@ihg.com', 'dtrowlerp');
insert into USERS (UUID, PASSWORD, PRIMARYEMAIL, USERNAME) values (27, 'PthskQmR7kT', 'jchurchyardq@free.fr', 'jjellingsq');
insert into USERS (UUID, PASSWORD, PRIMARYEMAIL, USERNAME) values (28, 'VxH59PGH6sAC', 'jpetranr@freewebs.com', 'bcravenr');
insert into USERS (UUID, PASSWORD, PRIMARYEMAIL, USERNAME) values (29, 'NYK01w3e', 'sbuchetts@wired.com', 'nyushins');
insert into USERS (UUID, PASSWORD, PRIMARYEMAIL, USERNAME) values (30, '7ZL37vf2', 'fantoniazzit@princeton.edu', 'kmacilraitht');
insert into USERS (UUID, PASSWORD, PRIMARYEMAIL, USERNAME) values (31, 'Ryf3hTAB0', 'lpepisu@lulu.com', 'bniemetzu');
insert into USERS (UUID, PASSWORD, PRIMARYEMAIL, USERNAME) values (32, 'VOVbG5', 'pgrishakovv@hatena.ne.jp', 'jfriesv');
insert into USERS (UUID, PASSWORD, PRIMARYEMAIL, USERNAME) values (33, 'TcpkL7L2q2g', 'gsertinw@foxnews.com', 'nhuntressw');
insert into USERS (UUID, PASSWORD, PRIMARYEMAIL, USERNAME) values (34, 'rxlCPKI4VS24', 'mglasperx@java.com', 'vmcpolinx');
insert into USERS (UUID, PASSWORD, PRIMARYEMAIL, USERNAME) values (35, 'PHzTUbo', 'akarpmanny@lycos.com', 'kphilpottsy');
insert into USERS (UUID, PASSWORD, PRIMARYEMAIL, USERNAME) values (36, 'qPM0KsjBevQH', 'slalondez@google.com.hk', 'dlelliottz');
insert into USERS (UUID, PASSWORD, PRIMARYEMAIL, USERNAME) values (37, 'Qdns6YpcmKjv', 'kgrundy10@reddit.com', 'bbaskerfield10');
insert into USERS (UUID, PASSWORD, PRIMARYEMAIL, USERNAME) values (38, 'mXhAorD4J', 'jparke11@issuu.com', 'sburdin11');
insert into USERS (UUID, PASSWORD, PRIMARYEMAIL, USERNAME) values (39, 'vKBo6noGoA', 'skenney12@apache.org', 'aellsom12');
insert into USERS (UUID, PASSWORD, PRIMARYEMAIL, USERNAME) values (40, 'la8VyeRFb0aH', 'igwilliam13@senate.gov', 'hmulvy13');
insert into USERS (UUID, PASSWORD, PRIMARYEMAIL, USERNAME) values (41, 'EfeIYwP', 'etrevithick14@printfriendly.com', 'wlinnock14');
insert into USERS (UUID, PASSWORD, PRIMARYEMAIL, USERNAME) values (42, 'CDH73g93Y', 'cbach15@studiopress.com', 'sarnao15');
insert into USERS (UUID, PASSWORD, PRIMARYEMAIL, USERNAME) values (43, 'o3ZlyDGJtl', 'dfinan16@ca.gov', 'lfelgat16');
insert into USERS (UUID, PASSWORD, PRIMARYEMAIL, USERNAME) values (44, 'LhEkaQTsoGOH', 'nhamshaw17@ted.com', 'ibreach17');
insert into USERS (UUID, PASSWORD, PRIMARYEMAIL, USERNAME) values (45, 'lBanWMVYvi', 'frowland18@netvibes.com', 'wabele18');
insert into USERS (UUID, PASSWORD, PRIMARYEMAIL, USERNAME) values (46, 'VFjK8BMtG', 'bdanelutti19@liveinternet.ru', 'kstapleton19');
insert into USERS (UUID, PASSWORD, PRIMARYEMAIL, USERNAME) values (47, 'rz5NGQmwDIHj', 'crembrandt1a@home.pl', 'ccasse1a');
insert into USERS (UUID, PASSWORD, PRIMARYEMAIL, USERNAME) values (48, 'XApKJv', 'cmassingham1b@skype.com', 'cbunnell1b');
insert into USERS (UUID, PASSWORD, PRIMARYEMAIL, USERNAME) values (49, 'MFc86P', 'gtomowicz1c@ibm.com', 'pweight1c');
insert into USERS (UUID, PASSWORD, PRIMARYEMAIL, USERNAME) values (50, 'p5U6hCgXf900', 'bbrockman1d@ted.com', 'bgallaway1d');
insert into USERS (UUID, PASSWORD, PRIMARYEMAIL, USERNAME) values (51, 'bp5dQ2I', 'ddrover1e@psu.edu', 'kcullimore1e');
insert into USERS (UUID, PASSWORD, PRIMARYEMAIL, USERNAME) values (52, '3rVkNF', 'lklampk1f@ihg.com', 'gveysey1f');
insert into USERS (UUID, PASSWORD, PRIMARYEMAIL, USERNAME) values (53, 'i3r3YbKHgGfE', 'pbernocchi1g@blinklist.com', 'jphidgin1g');
insert into USERS (UUID, PASSWORD, PRIMARYEMAIL, USERNAME) values (54, 'mh9Gts', 'wrounsivall1h@icio.us', 'rtyrer1h');
insert into USERS (UUID, PASSWORD, PRIMARYEMAIL, USERNAME) values (55, 'IljDr5jk', 'skelbie1i@elpais.com', 'mdarwin1i');
insert into USERS (UUID, PASSWORD, PRIMARYEMAIL, USERNAME) values (56, 'rDnacQ7hA3', 'kroxby1j@nature.com', 'cexposito1j');
insert into USERS (UUID, PASSWORD, PRIMARYEMAIL, USERNAME) values (57, 'yVTpsWw7', 'fbarber1k@ihg.com', 'esobtka1k');
insert into USERS (UUID, PASSWORD, PRIMARYEMAIL, USERNAME) values (58, 'KXiOB8', 'kfawlo1l@webnode.com', 'ccuffe1l');
insert into USERS (UUID, PASSWORD, PRIMARYEMAIL, USERNAME) values (59, 'y9CtJ4RLd1ul', 'bseson1m@domainmarket.com', 'sokieran1m');
insert into USERS (UUID, PASSWORD, PRIMARYEMAIL, USERNAME) values (60, 'ca5AAyw', 'hchadwick1n@wunderground.com', 'owagner1n');
insert into USERS (UUID, PASSWORD, PRIMARYEMAIL, USERNAME) values (61, 'cjDELSF', 'llozano1o@imgur.com', 'mbennallck1o');
insert into USERS (UUID, PASSWORD, PRIMARYEMAIL, USERNAME) values (62, '849fF47vD', 'flannin1p@wordpress.com', 'mshieber1p');
insert into USERS (UUID, PASSWORD, PRIMARYEMAIL, USERNAME) values (63, 'xCDa7UwF2p', 'agendrich1q@economist.com', 'cebunoluwa1q');
insert into USERS (UUID, PASSWORD, PRIMARYEMAIL, USERNAME) values (64, 'HckrVXI0p', 'wshann1r@si.edu', 'maslin1r');
insert into USERS (UUID, PASSWORD, PRIMARYEMAIL, USERNAME) values (65, 'Yzwaiyae', 'hchismon1s@thetimes.co.uk', 'jaspin1s');
insert into USERS (UUID, PASSWORD, PRIMARYEMAIL, USERNAME) values (66, 'HRbiVCBw', 'dhoulston1t@hp.com', 'wcolliss1t');
insert into USERS (UUID, PASSWORD, PRIMARYEMAIL, USERNAME) values (67, '8jKKpWTJ', 'ktiler1u@hibu.com', 'bwitten1u');
insert into USERS (UUID, PASSWORD, PRIMARYEMAIL, USERNAME) values (68, 'zl4LFzSF', 'jpolo1v@arizona.edu', 'satling1v');
insert into USERS (UUID, PASSWORD, PRIMARYEMAIL, USERNAME) values (69, '263wqOI3w76l', 'mmcelwee1w@sciencedaily.com', 'bsarfatti1w');
insert into USERS (UUID, PASSWORD, PRIMARYEMAIL, USERNAME) values (70, 'Phidt0R2h39U', 'nadamec1x@indiegogo.com', 'tbodill1x');
insert into USERS (UUID, PASSWORD, PRIMARYEMAIL, USERNAME) values (71, 'eNaIynNrJO', 'lmilburn1y@usda.gov', 'labson1y');
insert into USERS (UUID, PASSWORD, PRIMARYEMAIL, USERNAME) values (72, 'qd40WFJYQf', 'claurenson1z@ocn.ne.jp', 'aclutterbuck1z');
insert into USERS (UUID, PASSWORD, PRIMARYEMAIL, USERNAME) values (73, 'NIEkcOMA8Qio', 'nvaughton20@zdnet.com', 'kzanetto20');
insert into USERS (UUID, PASSWORD, PRIMARYEMAIL, USERNAME) values (74, '3ZQqT26Bh', 'aeldrid21@slashdot.org', 'saffleck21');
insert into USERS (UUID, PASSWORD, PRIMARYEMAIL, USERNAME) values (75, 'f4IVJQJ1sSb', 'livanchin22@netscape.com', 'lloynes22');
insert into USERS (UUID, PASSWORD, PRIMARYEMAIL, USERNAME) values (76, 'J6N1X43qRc4', 'kkinchington23@surveymonkey.com', 'sconsidine23');
insert into USERS (UUID, PASSWORD, PRIMARYEMAIL, USERNAME) values (77, '0lLoF54K0hc', 'bbertelet24@free.fr', 'rmears24');
insert into USERS (UUID, PASSWORD, PRIMARYEMAIL, USERNAME) values (78, 'HNInMEWh9K', 'mcroysdale25@github.com', 'tsilvester25');
insert into USERS (UUID, PASSWORD, PRIMARYEMAIL, USERNAME) values (79, '1f8PmE4', 'scarlyon26@mtv.com', 'pstivers26');
insert into USERS (UUID, PASSWORD, PRIMARYEMAIL, USERNAME) values (80, 'XNWo3wH', 'hfollan27@instagram.com', 'ldeeming27');
insert into USERS (UUID, PASSWORD, PRIMARYEMAIL, USERNAME) values (81, 'p440yhRss', 'igalvan28@howstuffworks.com', 'jcarnier28');
insert into USERS (UUID, PASSWORD, PRIMARYEMAIL, USERNAME) values (82, 'BQFCgc92', 'acoale29@epa.gov', 'dloughhead29');
insert into USERS (UUID, PASSWORD, PRIMARYEMAIL, USERNAME) values (83, 'fegXjfHqz', 'ftaleworth2a@meetup.com', 'hbrabben2a');
insert into USERS (UUID, PASSWORD, PRIMARYEMAIL, USERNAME) values (84, 'QX9czsWYnVx', 'tundrill2b@blogger.com', 'mhubbocks2b');
insert into USERS (UUID, PASSWORD, PRIMARYEMAIL, USERNAME) values (85, 'EaKVh8z', 'mapplegate2c@bbb.org', 'emanifould2c');
insert into USERS (UUID, PASSWORD, PRIMARYEMAIL, USERNAME) values (86, 'fZbca5rENA5v', 'pbeddoes2d@unicef.org', 'ebodley2d');
insert into USERS (UUID, PASSWORD, PRIMARYEMAIL, USERNAME) values (87, 'ouzyYkMyi', 'rspieck2e@cbc.ca', 'ehealks2e');
insert into USERS (UUID, PASSWORD, PRIMARYEMAIL, USERNAME) values (88, 'dMmiIxk', 'mdopson2f@phpbb.com', 'cstorrock2f');
insert into USERS (UUID, PASSWORD, PRIMARYEMAIL, USERNAME) values (89, 'slGOw4L', 'skrout2g@dagondesign.com', 'ggecks2g');
insert into USERS (UUID, PASSWORD, PRIMARYEMAIL, USERNAME) values (90, 'cTOpxbn', 'cmarchington2h@eepurl.com', 'mtabb2h');
insert into USERS (UUID, PASSWORD, PRIMARYEMAIL, USERNAME) values (91, 'injOgvA5x0s', 'pafield2i@t.co', 'cstowers2i');
insert into USERS (UUID, PASSWORD, PRIMARYEMAIL, USERNAME) values (92, 'PCKFHVx', 'ecarlens2j@sun.com', 'cdidello2j');
insert into USERS (UUID, PASSWORD, PRIMARYEMAIL, USERNAME) values (93, 'rDBOl85ik1', 'jpantecost2k@tamu.edu', 'rarckoll2k');
insert into USERS (UUID, PASSWORD, PRIMARYEMAIL, USERNAME) values (94, 'U3mhG85YBI', 'estephenson2l@blinklist.com', 'lgrimbleby2l');
insert into USERS (UUID, PASSWORD, PRIMARYEMAIL, USERNAME) values (95, 'oarXZy7pH', 'dfindley2m@ed.gov', 'efranke2m');
insert into USERS (UUID, PASSWORD, PRIMARYEMAIL, USERNAME) values (96, 'tHWlVQiDx3', 'sedler2n@yahoo.com', 'rhurdedge2n');
insert into USERS (UUID, PASSWORD, PRIMARYEMAIL, USERNAME) values (97, 'RdgTGrUeCQ8p', 'jbrendel2o@unicef.org', 'skensley2o');
insert into USERS (UUID, PASSWORD, PRIMARYEMAIL, USERNAME) values (98, 'HBt1mDQaFV6n', 'dlogue2p@51.la', 'kpenquet2p');
insert into USERS (UUID, PASSWORD, PRIMARYEMAIL, USERNAME) values (99, '8cV51cb2w4ji', 'aburdfield2q@eepurl.com', 'svidean2q');
insert into USERS (UUID, PASSWORD, PRIMARYEMAIL, USERNAME) values (100, 'FBF7itfeJ2', 'ktossell2r@sakura.ne.jp', 'vyesinin2r');

insert into USEREMAILS (useremailid, useremail, UUID) values (1, 'gmccombe0@gnu.org', 61);
insert into USEREMAILS (useremailid, useremail, UUID) values (2, 'mlopes1@ycombinator.com', 57);
insert into USEREMAILS (useremailid, useremail, UUID) values (3, 'gadamik2@home.pl', 92);
insert into USEREMAILS (useremailid, useremail, UUID) values (4, 'ecorneljes3@smugmug.com', 90);
insert into USEREMAILS (useremailid, useremail, UUID) values (5, 'hnunnerley4@twitpic.com', 80);
insert into USEREMAILS (useremailid, useremail, UUID) values (6, 'scarverhill5@parallels.com', 11);
insert into USEREMAILS (useremailid, useremail, UUID) values (7, 'fiskowitz6@illinois.edu', 74);
insert into USEREMAILS (useremailid, useremail, UUID) values (8, 'bdavenhall7@surveymonkey.com', 83);
insert into USEREMAILS (useremailid, useremail, UUID) values (9, 'mgreally8@globo.com', 18);
insert into USEREMAILS (useremailid, useremail, UUID) values (10, 'gricht9@netlog.com', 9);
insert into USEREMAILS (useremailid, useremail, UUID) values (11, 'ahalea@zimbio.com', 52);
insert into USEREMAILS (useremailid, useremail, UUID) values (12, 'krickardesb@springer.com', 68);
insert into USEREMAILS (useremailid, useremail, UUID) values (13, 'msamwysec@typepad.com', 20);
insert into USEREMAILS (useremailid, useremail, UUID) values (14, 'peveralld@free.fr', 20);
insert into USEREMAILS (useremailid, useremail, UUID) values (15, 'lokendene@craigslist.org', 35);
insert into USEREMAILS (useremailid, useremail, UUID) values (16, 'bkrishtopaittisf@ovh.net', 35);
insert into USEREMAILS (useremailid, useremail, UUID) values (17, 'asummersong@meetup.com', 78);
insert into USEREMAILS (useremailid, useremail, UUID) values (18, 'kbegwellh@amazon.com', 82);
insert into USEREMAILS (useremailid, useremail, UUID) values (19, 'blameyi@dmoz.org', 96);
insert into USEREMAILS (useremailid, useremail, UUID) values (20, 'ocausnettj@gnu.org', 37);
insert into USEREMAILS (useremailid, useremail, UUID) values (21, 'jduffieldk@booking.com', 27);
insert into USEREMAILS (useremailid, useremail, UUID) values (22, 'acraskel@unblog.fr', 99);
insert into USEREMAILS (useremailid, useremail, UUID) values (23, 'apeddarm@soup.io', 7);
insert into USEREMAILS (useremailid, useremail, UUID) values (24, 'lyewmann@rakuten.co.jp', 80);
insert into USEREMAILS (useremailid, useremail, UUID) values (25, 'hsteeleo@marketwatch.com', 55);
insert into USEREMAILS (useremailid, useremail, UUID) values (26, 'ejeacockp@webs.com', 31);
insert into USEREMAILS (useremailid, useremail, UUID) values (27, 'whallumsq@purevolume.com', 31);
insert into USEREMAILS (useremailid, useremail, UUID) values (28, 'apoffr@devhub.com', 32);
insert into USEREMAILS (useremailid, useremail, UUID) values (29, 'ejacks@cloudflare.com', 47);
insert into USEREMAILS (useremailid, useremail, UUID) values (30, 'jallseppt@sphinn.com', 82);
insert into USEREMAILS (useremailid, useremail, UUID) values (31, 'imcfadeu@java.com', 52);
insert into USEREMAILS (useremailid, useremail, UUID) values (32, 'sdelayglesiav@samsung.com', 39);
insert into USEREMAILS (useremailid, useremail, UUID) values (33, 'bcurraghw@mozilla.com', 86);
insert into USEREMAILS (useremailid, useremail, UUID) values (34, 'ngateshillx@mysql.com', 22);
insert into USEREMAILS (useremailid, useremail, UUID) values (35, 'pcarberyy@eventbrite.com', 89);
insert into USEREMAILS (useremailid, useremail, UUID) values (36, 'acollingwoodz@usnews.com', 16);
insert into USEREMAILS (useremailid, useremail, UUID) values (37, 'pwarwick10@biglobe.ne.jp', 69);
insert into USEREMAILS (useremailid, useremail, UUID) values (38, 'ebriamo11@berkeley.edu', 92);
insert into USEREMAILS (useremailid, useremail, UUID) values (39, 'mmilella12@mozilla.org', 20);
insert into USEREMAILS (useremailid, useremail, UUID) values (40, 'htoomey13@ucoz.com', 5);
insert into USEREMAILS (useremailid, useremail, UUID) values (41, 'tvandendael14@domainmarket.com', 20);
insert into USEREMAILS (useremailid, useremail, UUID) values (42, 'nfellenor15@mashable.com', 92);
insert into USEREMAILS (useremailid, useremail, UUID) values (43, 'jasling16@hp.com', 87);
insert into USEREMAILS (useremailid, useremail, UUID) values (44, 'lmcnaughton17@opera.com', 35);
insert into USEREMAILS (useremailid, useremail, UUID) values (45, 'jhansod18@usgs.gov', 92);
insert into USEREMAILS (useremailid, useremail, UUID) values (46, 'icluderay19@berkeley.edu', 23);
insert into USEREMAILS (useremailid, useremail, UUID) values (47, 'epeachman1a@yelp.com', 17);
insert into USEREMAILS (useremailid, useremail, UUID) values (48, 'cglidder1b@narod.ru', 73);
insert into USEREMAILS (useremailid, useremail, UUID) values (49, 'cbesant1c@mayoclinic.com', 100);
insert into USEREMAILS (useremailid, useremail, UUID) values (50, 'aelflain1d@edublogs.org', 20);
insert into USEREMAILS (useremailid, useremail, UUID) values (51, 'nburril1e@cbslocal.com', 61);
insert into USEREMAILS (useremailid, useremail, UUID) values (52, 'isthill1f@uiuc.edu', 67);
insert into USEREMAILS (useremailid, useremail, UUID) values (53, 'roganian1g@addtoany.com', 64);
insert into USEREMAILS (useremailid, useremail, UUID) values (54, 'ldollar1h@narod.ru', 99);
insert into USEREMAILS (useremailid, useremail, UUID) values (55, 'dtower1i@cdbaby.com', 11);
insert into USEREMAILS (useremailid, useremail, UUID) values (56, 'kpillington1j@opensource.org', 18);
insert into USEREMAILS (useremailid, useremail, UUID) values (57, 'bbrunicke1k@eventbrite.com', 54);
insert into USEREMAILS (useremailid, useremail, UUID) values (58, 'bclive1l@wiley.com', 55);
insert into USEREMAILS (useremailid, useremail, UUID) values (59, 'tsignorelli1m@shop-pro.jp', 16);
insert into USEREMAILS (useremailid, useremail, UUID) values (60, 'cclingoe1n@linkedin.com', 38);
insert into USEREMAILS (useremailid, useremail, UUID) values (61, 'ndwane1o@vimeo.com', 3);
insert into USEREMAILS (useremailid, useremail, UUID) values (62, 'noquirk1p@parallels.com', 14);
insert into USEREMAILS (useremailid, useremail, UUID) values (63, 'wschuster1q@zimbio.com', 60);
insert into USEREMAILS (useremailid, useremail, UUID) values (64, 'bkeefe1r@google.es', 6);
insert into USEREMAILS (useremailid, useremail, UUID) values (65, 'skleisle1s@so-net.ne.jp', 63);
insert into USEREMAILS (useremailid, useremail, UUID) values (66, 'esieghart1t@pinterest.com', 92);
insert into USEREMAILS (useremailid, useremail, UUID) values (67, 'bheight1u@icio.us', 8);
insert into USEREMAILS (useremailid, useremail, UUID) values (68, 'mfolbigg1v@amazon.co.uk', 14);
insert into USEREMAILS (useremailid, useremail, UUID) values (69, 'fponter1w@infoseek.co.jp', 26);
insert into USEREMAILS (useremailid, useremail, UUID) values (70, 'gjouanny1x@symantec.com', 97);
insert into USEREMAILS (useremailid, useremail, UUID) values (71, 'bcalverd1y@t.co', 5);
insert into USEREMAILS (useremailid, useremail, UUID) values (72, 'akyberd1z@fotki.com', 54);
insert into USEREMAILS (useremailid, useremail, UUID) values (73, 'cbrownhill20@sciencedaily.com', 30);
insert into USEREMAILS (useremailid, useremail, UUID) values (74, 'gspickett21@bbc.co.uk', 80);
insert into USEREMAILS (useremailid, useremail, UUID) values (75, 'acamber22@qq.com', 72);
insert into USEREMAILS (useremailid, useremail, UUID) values (76, 'ltrask23@fastcompany.com', 63);
insert into USEREMAILS (useremailid, useremail, UUID) values (77, 'smaykin24@google.nl', 54);
insert into USEREMAILS (useremailid, useremail, UUID) values (78, 'lcahn25@telegraph.co.uk', 62);
insert into USEREMAILS (useremailid, useremail, UUID) values (79, 'csafe26@state.tx.us', 52);
insert into USEREMAILS (useremailid, useremail, UUID) values (80, 'bnewell27@newsvine.com', 2);
insert into USEREMAILS (useremailid, useremail, UUID) values (81, 'mpuddefoot28@goo.ne.jp', 83);
insert into USEREMAILS (useremailid, useremail, UUID) values (82, 'caleavy29@goo.gl', 31);
insert into USEREMAILS (useremailid, useremail, UUID) values (83, 'elammas2a@arizona.edu', 5);
insert into USEREMAILS (useremailid, useremail, UUID) values (84, 'gdadds2b@arstechnica.com', 82);
insert into USEREMAILS (useremailid, useremail, UUID) values (85, 'ggovan2c@psu.edu', 34);
insert into USEREMAILS (useremailid, useremail, UUID) values (86, 'kwolfendale2d@unicef.org', 77);
insert into USEREMAILS (useremailid, useremail, UUID) values (87, 'zvanyukov2e@squarespace.com', 90);
insert into USEREMAILS (useremailid, useremail, UUID) values (88, 'bseden2f@nydailynews.com', 64);
insert into USEREMAILS (useremailid, useremail, UUID) values (89, 'lbouskill2g@myspace.com', 67);
insert into USEREMAILS (useremailid, useremail, UUID) values (90, 'amaundrell2h@ocn.ne.jp', 31);
insert into USEREMAILS (useremailid, useremail, UUID) values (91, 'blillicrop2i@goo.ne.jp', 97);
insert into USEREMAILS (useremailid, useremail, UUID) values (92, 'phessenthaler2j@google.fr', 71);
insert into USEREMAILS (useremailid, useremail, UUID) values (93, 'gcoverlyn2k@sogou.com', 45);
insert into USEREMAILS (useremailid, useremail, UUID) values (94, 'rmoorcroft2l@yellowbook.com', 88);
insert into USEREMAILS (useremailid, useremail, UUID) values (95, 'vcruikshank2m@yellowbook.com', 85);
insert into USEREMAILS (useremailid, useremail, UUID) values (96, 'lmackellen2n@sphinn.com', 20);
insert into USEREMAILS (useremailid, useremail, UUID) values (97, 'ereding2o@jugem.jp', 44);
insert into USEREMAILS (useremailid, useremail, UUID) values (98, 'otraise2p@histats.com', 54);
insert into USEREMAILS (useremailid, useremail, UUID) values (99, 'madamsen2q@gov.uk', 80);
insert into USEREMAILS (useremailid, useremail, UUID) values (100, 'djephson2r@qq.com', 85);

insert into USERROLES (UUID, roleid) values (25, 4);
insert into USERROLES (UUID, roleid) values (32, 3);
insert into USERROLES (UUID, roleid) values (72, 3);
insert into USERROLES (UUID, roleid) values (91, 2);
insert into USERROLES (UUID, roleid) values (92, 2);
insert into USERROLES (UUID, roleid) values (56, 3);
insert into USERROLES (UUID, roleid) values (14, 4);
insert into USERROLES (UUID, roleid) values (4, 4);
insert into USERROLES (UUID, roleid) values (34, 1);
insert into USERROLES (UUID, roleid) values (99, 1);
insert into USERROLES (UUID, roleid) values (21, 3);
insert into USERROLES (UUID, roleid) values (94, 3);
insert into USERROLES (UUID, roleid) values (30, 4);
insert into USERROLES (UUID, roleid) values (50, 2);
insert into USERROLES (UUID, roleid) values (65, 3);
insert into USERROLES (UUID, roleid) values (77, 2);
insert into USERROLES (UUID, roleid) values (78, 4);
insert into USERROLES (UUID, roleid) values (4, 4);
insert into USERROLES (UUID, roleid) values (20, 3);
insert into USERROLES (UUID, roleid) values (47, 1);
insert into USERROLES (UUID, roleid) values (26, 3);
insert into USERROLES (UUID, roleid) values (26, 4);
insert into USERROLES (UUID, roleid) values (47, 2);
insert into USERROLES (UUID, roleid) values (34, 4);
insert into USERROLES (UUID, roleid) values (8, 3);
insert into USERROLES (UUID, roleid) values (54, 1);
insert into USERROLES (UUID, roleid) values (48, 2);
insert into USERROLES (UUID, roleid) values (83, 3);
insert into USERROLES (UUID, roleid) values (9, 4);
insert into USERROLES (UUID, roleid) values (18, 4);
insert into USERROLES (UUID, roleid) values (89, 1);
insert into USERROLES (UUID, roleid) values (32, 3);
insert into USERROLES (UUID, roleid) values (39, 3);
insert into USERROLES (UUID, roleid) values (73, 4);
insert into USERROLES (UUID, roleid) values (85, 3);
insert into USERROLES (UUID, roleid) values (92, 4);
insert into USERROLES (UUID, roleid) values (56, 2);
insert into USERROLES (UUID, roleid) values (51, 4);
insert into USERROLES (UUID, roleid) values (16, 4);
insert into USERROLES (UUID, roleid) values (64, 3);
insert into USERROLES (UUID, roleid) values (69, 1);
insert into USERROLES (UUID, roleid) values (11, 3);
insert into USERROLES (UUID, roleid) values (86, 3);
insert into USERROLES (UUID, roleid) values (68, 2);
insert into USERROLES (UUID, roleid) values (72, 4);
insert into USERROLES (UUID, roleid) values (54, 2);
insert into USERROLES (UUID, roleid) values (66, 2);
insert into USERROLES (UUID, roleid) values (46, 2);
insert into USERROLES (UUID, roleid) values (8, 4);
insert into USERROLES (UUID, roleid) values (27, 4);
insert into USERROLES (UUID, roleid) values (45, 4);
insert into USERROLES (UUID, roleid) values (14, 3);
insert into USERROLES (UUID, roleid) values (18, 4);
insert into USERROLES (UUID, roleid) values (12, 3);
insert into USERROLES (UUID, roleid) values (24, 2);
insert into USERROLES (UUID, roleid) values (74, 4);
insert into USERROLES (UUID, roleid) values (35, 1);
insert into USERROLES (UUID, roleid) values (7, 3);
insert into USERROLES (UUID, roleid) values (18, 4);
insert into USERROLES (UUID, roleid) values (26, 2);
insert into USERROLES (UUID, roleid) values (12, 1);
insert into USERROLES (UUID, roleid) values (6, 2);
insert into USERROLES (UUID, roleid) values (7, 3);
insert into USERROLES (UUID, roleid) values (74, 2);
insert into USERROLES (UUID, roleid) values (8, 1);
insert into USERROLES (UUID, roleid) values (17, 2);
insert into USERROLES (UUID, roleid) values (2, 2);
insert into USERROLES (UUID, roleid) values (98, 3);
insert into USERROLES (UUID, roleid) values (38, 4);
insert into USERROLES (UUID, roleid) values (19, 3);
insert into USERROLES (UUID, roleid) values (86, 4);
insert into USERROLES (UUID, roleid) values (65, 3);
insert into USERROLES (UUID, roleid) values (94, 2);
insert into USERROLES (UUID, roleid) values (75, 3);
insert into USERROLES (UUID, roleid) values (37, 2);
insert into USERROLES (UUID, roleid) values (16, 3);
insert into USERROLES (UUID, roleid) values (6, 3);
insert into USERROLES (UUID, roleid) values (54, 2);
insert into USERROLES (UUID, roleid) values (1, 1);
insert into USERROLES (UUID, roleid) values (12, 3);
insert into USERROLES (UUID, roleid) values (17, 4);
insert into USERROLES (UUID, roleid) values (28, 1);
insert into USERROLES (UUID, roleid) values (32, 2);
insert into USERROLES (UUID, roleid) values (22, 4);
insert into USERROLES (UUID, roleid) values (66, 3);
insert into USERROLES (UUID, roleid) values (32, 4);
insert into USERROLES (UUID, roleid) values (20, 1);
insert into USERROLES (UUID, roleid) values (100, 4);
insert into USERROLES (UUID, roleid) values (1, 4);
insert into USERROLES (UUID, roleid) values (64, 3);
insert into USERROLES (UUID, roleid) values (97, 2);
insert into USERROLES (UUID, roleid) values (54, 1);
insert into USERROLES (UUID, roleid) values (73, 3);
insert into USERROLES (UUID, roleid) values (1, 3);
insert into USERROLES (UUID, roleid) values (1, 2);
insert into USERROLES (UUID, roleid) values (99, 4);
insert into USERROLES (UUID, roleid) values (6, 1);
insert into USERROLES (UUID, roleid) values (34, 1);
insert into USERROLES (UUID, roleid) values (28, 1);
insert into USERROLES (UUID, roleid) values (13, 2);
insert into VIDEOS (VIDID, DESCRIPTION, EXTERNALURL, internalurl, title) values (1, 'Micro exam-ent/laryn NEC', 'http://dummyimage.com/148x111.bmp/dddddd/000000', 'http://dummyimage.com/244x204.jpg/ff4444/ffffff', 'http://dummyimage.com/230x171.bmp/dddddd/000000');
insert into VIDEOS (VIDID, DESCRIPTION, EXTERNALURL, internalurl, title) values (2, 'Intranasal antrotomy', 'http://dummyimage.com/175x128.png/ff4444/ffffff', 'http://dummyimage.com/148x219.png/ff4444/ffffff', 'http://dummyimage.com/116x213.jpg/cc0000/ffffff');
insert into VIDEOS (VIDID, DESCRIPTION, EXTERNALURL, internalurl, title) values (3, 'Local excis breast les', 'http://dummyimage.com/151x170.jpg/cc0000/ffffff', 'http://dummyimage.com/191x137.bmp/ff4444/ffffff', 'http://dummyimage.com/197x173.png/ff4444/ffffff');
insert into VIDEOS (VIDID, DESCRIPTION, EXTERNALURL, internalurl, title) values (4, 'Abd region dx proc NEC', 'http://dummyimage.com/112x151.bmp/dddddd/000000', 'http://dummyimage.com/115x159.bmp/ff4444/ffffff', 'http://dummyimage.com/105x163.jpg/cc0000/ffffff');
insert into VIDEOS (VIDID, DESCRIPTION, EXTERNALURL, internalurl, title) values (5, 'Lysis of hand adhesions', 'http://dummyimage.com/229x218.bmp/ff4444/ffffff', 'http://dummyimage.com/206x193.bmp/cc0000/ffffff', 'http://dummyimage.com/134x133.jpg/dddddd/000000');
insert into VIDEOS (VIDID, DESCRIPTION, EXTERNALURL, internalurl, title) values (6, 'Applic ext fix-humerus', 'http://dummyimage.com/189x148.png/dddddd/000000', 'http://dummyimage.com/244x214.jpg/dddddd/000000', 'http://dummyimage.com/197x185.jpg/dddddd/000000');
insert into VIDEOS (VIDID, DESCRIPTION, EXTERNALURL, internalurl, title) values (7, 'Closed brain biopsy', 'http://dummyimage.com/113x143.bmp/5fa2dd/ffffff', 'http://dummyimage.com/233x125.bmp/5fa2dd/ffffff', 'http://dummyimage.com/224x136.bmp/ff4444/ffffff');
insert into VIDEOS (VIDID, DESCRIPTION, EXTERNALURL, internalurl, title) values (8, 'Arth/pros rem wo rep-hnd', 'http://dummyimage.com/196x178.jpg/cc0000/ffffff', 'http://dummyimage.com/236x160.jpg/ff4444/ffffff', 'http://dummyimage.com/173x144.png/dddddd/000000');
insert into VIDEOS (VIDID, DESCRIPTION, EXTERNALURL, internalurl, title) values (9, 'Suture diaphragm lacerat', 'http://dummyimage.com/208x110.png/cc0000/ffffff', 'http://dummyimage.com/184x128.bmp/cc0000/ffffff', 'http://dummyimage.com/113x108.png/5fa2dd/ffffff');
insert into VIDEOS (VIDID, DESCRIPTION, EXTERNALURL, internalurl, title) values (10, 'Oth plastic repair palat', 'http://dummyimage.com/110x161.jpg/cc0000/ffffff', 'http://dummyimage.com/108x250.png/5fa2dd/ffffff', 'http://dummyimage.com/135x220.png/5fa2dd/ffffff');
insert into VIDEOS (VIDID, DESCRIPTION, EXTERNALURL, internalurl, title) values (11, 'Ins strn fix w rgd plate', 'http://dummyimage.com/138x232.png/dddddd/000000', 'http://dummyimage.com/143x250.bmp/cc0000/ffffff', 'http://dummyimage.com/160x124.jpg/cc0000/ffffff');
insert into VIDEOS (VIDID, DESCRIPTION, EXTERNALURL, internalurl, title) values (12, 'Rev knee repl-femur comp', 'http://dummyimage.com/129x157.png/ff4444/ffffff', 'http://dummyimage.com/114x126.bmp/dddddd/000000', 'http://dummyimage.com/164x126.png/ff4444/ffffff');
insert into VIDEOS (VIDID, DESCRIPTION, EXTERNALURL, internalurl, title) values (13, 'Coronary arteriogram NEC', 'http://dummyimage.com/240x118.png/cc0000/ffffff', 'http://dummyimage.com/248x188.png/ff4444/ffffff', 'http://dummyimage.com/111x126.jpg/dddddd/000000');
insert into VIDEOS (VIDID, DESCRIPTION, EXTERNALURL, internalurl, title) values (14, 'Skin chemosurgery', 'http://dummyimage.com/203x204.png/dddddd/000000', 'http://dummyimage.com/232x133.bmp/cc0000/ffffff', 'http://dummyimage.com/227x185.bmp/5fa2dd/ffffff');
insert into VIDEOS (VIDID, DESCRIPTION, EXTERNALURL, internalurl, title) values (15, 'Head/neck vessel excis', 'http://dummyimage.com/131x199.jpg/5fa2dd/ffffff', 'http://dummyimage.com/188x244.jpg/dddddd/000000', 'http://dummyimage.com/126x143.bmp/ff4444/ffffff');
insert into VIDEOS (VIDID, DESCRIPTION, EXTERNALURL, internalurl, title) values (16, 'Bilat reduct mammoplasty', 'http://dummyimage.com/215x196.jpg/cc0000/ffffff', 'http://dummyimage.com/233x114.png/ff4444/ffffff', 'http://dummyimage.com/170x166.bmp/ff4444/ffffff');
insert into VIDEOS (VIDID, DESCRIPTION, EXTERNALURL, internalurl, title) values (17, 'Forceps rotat fetal head', 'http://dummyimage.com/124x248.bmp/ff4444/ffffff', 'http://dummyimage.com/241x101.bmp/cc0000/ffffff', 'http://dummyimage.com/133x192.bmp/ff4444/ffffff');
insert into VIDEOS (VIDID, DESCRIPTION, EXTERNALURL, internalurl, title) values (18, 'Anterior rect resect NEC', 'http://dummyimage.com/116x145.bmp/dddddd/000000', 'http://dummyimage.com/149x134.bmp/cc0000/ffffff', 'http://dummyimage.com/111x191.png/cc0000/ffffff');
insert into VIDEOS (VIDID, DESCRIPTION, EXTERNALURL, internalurl, title) values (19, 'Radius/ulna inj op NOS', 'http://dummyimage.com/204x199.bmp/ff4444/ffffff', 'http://dummyimage.com/191x101.bmp/cc0000/ffffff', 'http://dummyimage.com/191x114.png/dddddd/000000');
insert into VIDEOS (VIDID, DESCRIPTION, EXTERNALURL, internalurl, title) values (20, 'Orthoptic training', 'http://dummyimage.com/223x139.bmp/5fa2dd/ffffff', 'http://dummyimage.com/116x229.bmp/cc0000/ffffff', 'http://dummyimage.com/198x160.png/5fa2dd/ffffff');
insert into VIDEOS (VIDID, DESCRIPTION, EXTERNALURL, internalurl, title) values (21, 'Abdomen region ops NEC', 'http://dummyimage.com/193x160.png/ff4444/ffffff', 'http://dummyimage.com/176x120.png/cc0000/ffffff', 'http://dummyimage.com/112x180.bmp/5fa2dd/ffffff');
insert into VIDEOS (VIDID, DESCRIPTION, EXTERNALURL, internalurl, title) values (22, 'Thor vessel resect/anast', 'http://dummyimage.com/119x241.jpg/ff4444/ffffff', 'http://dummyimage.com/236x124.jpg/dddddd/000000', 'http://dummyimage.com/187x106.png/cc0000/ffffff');
insert into VIDEOS (VIDID, DESCRIPTION, EXTERNALURL, internalurl, title) values (23, 'Revise knee replace NOS', 'http://dummyimage.com/207x143.jpg/5fa2dd/ffffff', 'http://dummyimage.com/123x109.png/cc0000/ffffff', 'http://dummyimage.com/223x227.jpg/ff4444/ffffff');
insert into VIDEOS (VIDID, DESCRIPTION, EXTERNALURL, internalurl, title) values (24, 'Part gastrec w jej anast', 'http://dummyimage.com/212x229.jpg/ff4444/ffffff', 'http://dummyimage.com/221x184.png/dddddd/000000', 'http://dummyimage.com/145x238.png/dddddd/000000');
insert into VIDEOS (VIDID, DESCRIPTION, EXTERNALURL, internalurl, title) values (25, 'Unilat ing hern rep NOS', 'http://dummyimage.com/240x122.bmp/5fa2dd/ffffff', 'http://dummyimage.com/142x176.bmp/5fa2dd/ffffff', 'http://dummyimage.com/216x192.png/cc0000/ffffff');
insert into VIDEOS (VIDID, DESCRIPTION, EXTERNALURL, internalurl, title) values (26, 'Opn transv colon res NEC', 'http://dummyimage.com/247x248.bmp/dddddd/000000', 'http://dummyimage.com/215x112.jpg/cc0000/ffffff', 'http://dummyimage.com/191x174.jpg/5fa2dd/ffffff');
insert into VIDEOS (VIDID, DESCRIPTION, EXTERNALURL, internalurl, title) values (27, 'Partial hepatectomy', 'http://dummyimage.com/110x199.bmp/cc0000/ffffff', 'http://dummyimage.com/216x242.jpg/dddddd/000000', 'http://dummyimage.com/220x215.png/ff4444/ffffff');
insert into VIDEOS (VIDID, DESCRIPTION, EXTERNALURL, internalurl, title) values (28, 'Injct/inf immunoglobulin', 'http://dummyimage.com/207x169.bmp/5fa2dd/ffffff', 'http://dummyimage.com/187x149.png/dddddd/000000', 'http://dummyimage.com/148x174.png/5fa2dd/ffffff');
insert into VIDEOS (VIDID, DESCRIPTION, EXTERNALURL, internalurl, title) values (29, 'Osteoclasis NOS', 'http://dummyimage.com/110x171.jpg/dddddd/000000', 'http://dummyimage.com/112x245.jpg/cc0000/ffffff', 'http://dummyimage.com/226x162.png/cc0000/ffffff');
insert into VIDEOS (VIDID, DESCRIPTION, EXTERNALURL, internalurl, title) values (30, 'Femoral division NEC', 'http://dummyimage.com/143x182.png/5fa2dd/ffffff', 'http://dummyimage.com/147x118.bmp/dddddd/000000', 'http://dummyimage.com/107x136.jpg/ff4444/ffffff');
insert into VIDEOS (VIDID, DESCRIPTION, EXTERNALURL, internalurl, title) values (31, 'Adrenal nerve division', 'http://dummyimage.com/143x231.png/5fa2dd/ffffff', 'http://dummyimage.com/200x143.png/cc0000/ffffff', 'http://dummyimage.com/173x125.jpg/dddddd/000000');
insert into VIDEOS (VIDID, DESCRIPTION, EXTERNALURL, internalurl, title) values (32, 'Decompress trigem root', 'http://dummyimage.com/201x141.bmp/ff4444/ffffff', 'http://dummyimage.com/186x110.png/cc0000/ffffff', 'http://dummyimage.com/101x188.png/5fa2dd/ffffff');
insert into VIDEOS (VIDID, DESCRIPTION, EXTERNALURL, internalurl, title) values (33, 'Local excis penile les', 'http://dummyimage.com/135x229.jpg/5fa2dd/ffffff', 'http://dummyimage.com/116x176.jpg/dddddd/000000', 'http://dummyimage.com/127x115.jpg/cc0000/ffffff');

insert into VIDEOS (VIDID, DESCRIPTION, EXTERNALURL, internalurl, title) values (34, 'Secondary insert lens', 'http://dummyimage.com/230x213.png/dddddd/000000', 'http://dummyimage.com/106x202.bmp/5fa2dd/ffffff', 'http://dummyimage.com/149x200.png/5fa2dd/ffffff');
insert into VIDEOS (VIDID, DESCRIPTION, EXTERNALURL, internalurl, title) values (35, 'Mastoidectomy revision', 'http://dummyimage.com/220x231.png/5fa2dd/ffffff', 'http://dummyimage.com/155x107.jpg/cc0000/ffffff', 'http://dummyimage.com/200x228.png/ff4444/ffffff');
insert into VIDEOS (VIDID, DESCRIPTION, EXTERNALURL, internalurl, title) values (36, 'Remov imp device-patella', 'http://dummyimage.com/236x224.png/dddddd/000000', 'http://dummyimage.com/232x169.jpg/cc0000/ffffff', 'http://dummyimage.com/116x124.png/dddddd/000000');
insert into VIDEOS (VIDID, DESCRIPTION, EXTERNALURL, internalurl, title) values (37, 'Lysis cortical adhesion', 'http://dummyimage.com/210x231.png/dddddd/000000', 'http://dummyimage.com/119x179.bmp/dddddd/000000', 'http://dummyimage.com/218x186.png/5fa2dd/ffffff');
insert into VIDEOS (VIDID, DESCRIPTION, EXTERNALURL, internalurl, title) values (38, 'Part dacryoadenect NEC', 'http://dummyimage.com/232x154.jpg/cc0000/ffffff', 'http://dummyimage.com/204x123.png/dddddd/000000', 'http://dummyimage.com/192x213.jpg/ff4444/ffffff');
insert into VIDEOS (VIDID, DESCRIPTION, EXTERNALURL, internalurl, title) values (39, 'Repair of tongue NEC', 'http://dummyimage.com/180x154.jpg/dddddd/000000', 'http://dummyimage.com/189x209.jpg/ff4444/ffffff', 'http://dummyimage.com/109x142.bmp/ff4444/ffffff');
insert into VIDEOS (VIDID, DESCRIPTION, EXTERNALURL, internalurl, title) values (40, 'Gb-to-intestine anastom', 'http://dummyimage.com/101x223.bmp/ff4444/ffffff', 'http://dummyimage.com/198x130.bmp/ff4444/ffffff', 'http://dummyimage.com/163x180.bmp/cc0000/ffffff');
insert into VIDEOS (VIDID, DESCRIPTION, EXTERNALURL, internalurl, title) values (41, 'Closed aortic valvotomy', 'http://dummyimage.com/144x243.bmp/dddddd/000000', 'http://dummyimage.com/231x171.jpg/ff4444/ffffff', 'http://dummyimage.com/110x231.bmp/dddddd/000000');
insert into VIDEOS (VIDID, DESCRIPTION, EXTERNALURL, internalurl, title) values (42, 'Forcib correct defor NEC', 'http://dummyimage.com/153x247.jpg/cc0000/ffffff', 'http://dummyimage.com/152x109.bmp/ff4444/ffffff', 'http://dummyimage.com/227x105.png/ff4444/ffffff');
insert into VIDEOS (VIDID, DESCRIPTION, EXTERNALURL, internalurl, title) values (43, 'Scrotum & tunica op NEC', 'http://dummyimage.com/205x249.jpg/cc0000/ffffff', 'http://dummyimage.com/185x154.png/5fa2dd/ffffff', 'http://dummyimage.com/112x147.png/5fa2dd/ffffff');
insert into VIDEOS (VIDID, DESCRIPTION, EXTERNALURL, internalurl, title) values (44, 'Piercing of ear lobe', 'http://dummyimage.com/137x161.bmp/dddddd/000000', 'http://dummyimage.com/119x146.bmp/dddddd/000000', 'http://dummyimage.com/158x230.bmp/dddddd/000000');
insert into VIDEOS (VIDID, DESCRIPTION, EXTERNALURL, internalurl, title) values (45, 'App adhesion barrier sub', 'http://dummyimage.com/135x104.jpg/cc0000/ffffff', 'http://dummyimage.com/209x143.bmp/dddddd/000000', 'http://dummyimage.com/202x146.bmp/cc0000/ffffff');
insert into VIDEOS (VIDID, DESCRIPTION, EXTERNALURL, internalurl, title) values (46, 'Total elbow replacement', 'http://dummyimage.com/174x147.jpg/cc0000/ffffff', 'http://dummyimage.com/207x172.jpg/5fa2dd/ffffff', 'http://dummyimage.com/101x230.bmp/5fa2dd/ffffff');
insert into VIDEOS (VIDID, DESCRIPTION, EXTERNALURL, internalurl, title) values (47, 'Perirectal incision', 'http://dummyimage.com/247x151.png/ff4444/ffffff', 'http://dummyimage.com/170x155.bmp/cc0000/ffffff', 'http://dummyimage.com/171x116.bmp/5fa2dd/ffffff');
insert into VIDEOS (VIDID, DESCRIPTION, EXTERNALURL, internalurl, title) values (48, 'Irrigation of ear', 'http://dummyimage.com/155x142.jpg/dddddd/000000', 'http://dummyimage.com/166x159.jpg/dddddd/000000', 'http://dummyimage.com/145x133.jpg/cc0000/ffffff');
insert into VIDEOS (VIDID, DESCRIPTION, EXTERNALURL, internalurl, title) values (49, 'Bone biopsy NEC', 'http://dummyimage.com/229x225.jpg/dddddd/000000', 'http://dummyimage.com/125x105.png/dddddd/000000', 'http://dummyimage.com/203x170.png/cc0000/ffffff');
insert into VIDEOS (VIDID, DESCRIPTION, EXTERNALURL, internalurl, title) values (50,
 'Op red-radius/uln epiphy', 'http://dummyimage.com/194x174.jpg/ff4444/ffffff', 'http://dummyimage.com/124x107.png/dddddd/000000', 'http://dummyimage.com/131x222.bmp/5fa2dd/ffffff');
insert into VIDEOS (VIDID, DESCRIPTION, EXTERNALURL, internalurl, title) values (51, 'Arm vessel excision', 'http://dummyimage.com/237x205.bmp/dddddd/000000', 'http://dummyimage.com/179x176.bmp/ff4444/ffffff', 'http://dummyimage.com/187x189.png/ff4444/ffffff');
insert into VIDEOS (VIDID, DESCRIPTION, EXTERNALURL, internalurl, title) values (52, 'Tibia & fibula biopsy', 'http://dummyimage.com/131x196.png/dddddd/000000', 'http://dummyimage.com/226x212.bmp/5fa2dd/ffffff', 'http://dummyimage.com/210x153.png/ff4444/ffffff');
insert into VIDEOS (VIDID, DESCRIPTION, EXTERNALURL, internalurl, title) values (53, 'Urethroscopy NEC', 'http://dummyimage.com/123x165.bmp/ff4444/ffffff', 'http://dummyimage.com/176x192.png/cc0000/ffffff', 'http://dummyimage.com/134x177.jpg/ff4444/ffffff');
insert into VIDEOS (VIDID, DESCRIPTION, EXTERNALURL, internalurl, title) values (54, 'Dpt administration', 'http://dummyimage.com/107x205.bmp/dddddd/000000', 'http://dummyimage.com/172x164.png/ff4444/ffffff', 'http://dummyimage.com/206x198.bmp/dddddd/000000');
insert into VIDEOS (VIDID, DESCRIPTION, EXTERNALURL, internalurl, title) values (55, 'Gynecologic examination', 'http://dummyimage.com/136x246.bmp/5fa2dd/ffffff', 'http://dummyimage.com/158x136.png/cc0000/ffffff', 'http://dummyimage.com/242x199.jpg/ff4444/ffffff');
insert into VIDEOS (VIDID, DESCRIPTION, EXTERNALURL, internalurl, title) values (56, 'Opn/oth repl tcspd valve', 'http://dummyimage.com/120x160.jpg/5fa2dd/ffffff', 'http://dummyimage.com/145x225.bmp/ff4444/ffffff', 'http://dummyimage.com/129x161.bmp/ff4444/ffffff');
insert into VIDEOS (VIDID, DESCRIPTION, EXTERNALURL, internalurl, title) values (57, 'Ext ear diagnos proc NEC', 'http://dummyimage.com/189x132.png/5fa2dd/ffffff', 'http://dummyimage.com/247x163.jpg/cc0000/ffffff', 'http://dummyimage.com/135x174.bmp/cc0000/ffffff');
insert into VIDEOS (VIDID, DESCRIPTION, EXTERNALURL, internalurl, title) values (58, 'Destruct ext ear les NEC', 'http://dummyimage.com/243x126.jpg/ff4444/ffffff', 'http://dummyimage.com/247x134.bmp/dddddd/000000', 'http://dummyimage.com/231x219.png/ff4444/ffffff');
insert into VIDEOS (VIDID, DESCRIPTION, EXTERNALURL, internalurl, title) values (59, 'Bronchial repair NEC', 'http://dummyimage.com/156x208.png/5fa2dd/ffffff', 'http://dummyimage.com/223x192.png/cc0000/ffffff', 'http://dummyimage.com/228x200.bmp/cc0000/ffffff');
insert into VIDEOS (VIDID, DESCRIPTION, EXTERNALURL, internalurl, title) values (60, 'Cardioplegia', 'http://dummyimage.com/170x173.jpg/cc0000/ffffff', 'http://dummyimage.com/195x157.bmp/cc0000/ffffff', 'http://dummyimage.com/169x184.jpg/dddddd/000000');
insert into VIDEOS (VIDID, DESCRIPTION, EXTERNALURL, internalurl, title) values (61, 'Excision thyroid lesion', 'http://dummyimage.com/184x185.jpg/5fa2dd/ffffff', 'http://dummyimage.com/215x241.png/ff4444/ffffff', 'http://dummyimage.com/205x131.png/5fa2dd/ffffff');
insert into VIDEOS (VIDID, DESCRIPTION, EXTERNALURL, internalurl, title) values (62, 'Toxicology-peritoneum', 'http://dummyimage.com/137x147.jpg/cc0000/ffffff', 'http://dummyimage.com/135x231.bmp/ff4444/ffffff', 'http://dummyimage.com/244x195.bmp/ff4444/ffffff');
insert into VIDEOS (VIDID, DESCRIPTION, EXTERNALURL, internalurl, title) values (63, 'Nasal lesion excis NOS', 'http://dummyimage.com/218x201.png/cc0000/ffffff', 'http://dummyimage.com/222x120.png/cc0000/ffffff', 'http://dummyimage.com/220x197.png/ff4444/ffffff');
insert into VIDEOS (VIDID, DESCRIPTION, EXTERNALURL, internalurl, title) values (64, 'Endosc inser nasobil tub', 'http://dummyimage.com/243x101.png/5fa2dd/ffffff', 'http://dummyimage.com/244x223.bmp/ff4444/ffffff', 'http://dummyimage.com/147x154.bmp/dddddd/000000');
insert into VIDEOS (VIDID, DESCRIPTION, EXTERNALURL, internalurl, title) values (65, 'Ot cerv fusion post/post', 'http://dummyimage.com/160x233.jpg/dddddd/000000', 'http://dummyimage.com/227x195.jpg/dddddd/000000', 'http://dummyimage.com/158x206.jpg/cc0000/ffffff');
insert into VIDEOS (VIDID, DESCRIPTION, EXTERNALURL, internalurl, title) values (66, 'Bone graft NEC', 'http://dummyimage.com/145x226.bmp/5fa2dd/ffffff', 'http://dummyimage.com/115x196.jpg/5fa2dd/ffffff', 'http://dummyimage.com/218x116.png/cc0000/ffffff');
insert into VIDEOS (VIDID, DESCRIPTION, EXTERNALURL, internalurl, title) values (67, 'Eye examination NOS', 'http://dummyimage.com/120x200.jpg/ff4444/ffffff', 'http://dummyimage.com/108x131.jpg/5fa2dd/ffffff', 'http://dummyimage.com/176x204.bmp/5fa2dd/ffffff');
insert into VIDEOS (VIDID, DESCRIPTION, EXTERNALURL, internalurl, title) values (68, 'Open testicular biopsy', 'http://dummyimage.com/147x223.jpg/cc0000/ffffff', 'http://dummyimage.com/189x114.bmp/dddddd/000000', 'http://dummyimage.com/191x216.bmp/ff4444/ffffff');
insert into VIDEOS (VIDID, DESCRIPTION, EXTERNALURL, internalurl, title) values (69, 'Conjun cul-de-sac rx NEC', 'http://dummyimage.com/197x231.png/dddddd/000000', 'http://dummyimage.com/101x215.png/dddddd/000000', 'http://dummyimage.com/191x157.jpg/5fa2dd/ffffff');
insert into VIDEOS (VIDID, DESCRIPTION, EXTERNALURL, internalurl, title) values (70, 'Thyroid suture', 'http://dummyimage.com/209x155.png/cc0000/ffffff', 'http://dummyimage.com/246x229.jpg/ff4444/ffffff', 'http://dummyimage.com/160x107.png/5fa2dd/ffffff');

insert into VIDEOS (VIDID, DESCRIPTION, EXTERNALURL, internalurl, title) values (71, 'Other pyloroplasty', 'http://dummyimage.com/218x158.jpg/5fa2dd/ffffff', 'http://dummyimage.com/179x150.png/ff4444/ffffff', 'http://dummyimage.com/167x108.bmp/dddddd/000000');
insert into VIDEOS (VIDID, DESCRIPTION, EXTERNALURL, internalurl, title) values (72, 'Nasal sinus repair NEC', 'http://dummyimage.com/102x158.jpg/5fa2dd/ffffff', 'http://dummyimage.com/232x214.png/ff4444/ffffff', 'http://dummyimage.com/212x219.bmp/dddddd/000000');
insert into VIDEOS (VIDID, DESCRIPTION, EXTERNALURL, internalurl, title) values (73, 'Insert intercostal cath', 'http://dummyimage.com/238x165.png/dddddd/000000', 'http://dummyimage.com/234x178.bmp/cc0000/ffffff', 'http://dummyimage.com/154x172.bmp/cc0000/ffffff');
insert into VIDEOS (VIDID, DESCRIPTION, EXTERNALURL, internalurl, title) values (74, 'Disarticulation of wrist', 'http://dummyimage.com/117x199.jpg/dddddd/000000', 'http://dummyimage.com/133x247.jpg/ff4444/ffffff', 'http://dummyimage.com/158x244.jpg/5fa2dd/ffffff');
insert into VIDEOS (VIDID, DESCRIPTION, EXTERNALURL, internalurl, title) values (75, 'Cell block/pap-endocrine', 'http://dummyimage.com/146x112.bmp/5fa2dd/ffffff', 'http://dummyimage.com/247x237.jpg/5fa2dd/ffffff', 'http://dummyimage.com/180x112.jpg/cc0000/ffffff');
insert into VIDEOS (VIDID, DESCRIPTION, EXTERNALURL, internalurl, title) values (76, 'Sm bowel segment isolat', 'http://dummyimage.com/112x250.bmp/ff4444/ffffff', 'http://dummyimage.com/226x159.bmp/5fa2dd/ffffff', 'http://dummyimage.com/177x135.jpg/ff4444/ffffff');
insert into VIDEOS (VIDID, DESCRIPTION, EXTERNALURL, internalurl, title) values (77, 'Neurectasis', 'http://dummyimage.com/248x222.png/ff4444/ffffff', 'http://dummyimage.com/179x180.bmp/dddddd/000000', 'http://dummyimage.com/204x233.bmp/dddddd/000000');
insert into VIDEOS (VIDID, DESCRIPTION, EXTERNALURL, internalurl, title) values (78, 'Thoracic spine x-ray NEC', 'http://dummyimage.com/164x201.bmp/dddddd/000000', 'http://dummyimage.com/205x113.png/cc0000/ffffff', 'http://dummyimage.com/157x142.jpg/ff4444/ffffff');
insert into VIDEOS (VIDID, DESCRIPTION, EXTERNALURL, internalurl, title) values (79, 'Dental x-ray NEC', 'http://dummyimage.com/243x246.png/cc0000/ffffff', 'http://dummyimage.com/219x196.png/ff4444/ffffff', 'http://dummyimage.com/132x223.png/ff4444/ffffff');
insert into VIDEOS (VIDID, DESCRIPTION, EXTERNALURL, internalurl, title) values (80, 'Episiotomy', 'http://dummyimage.com/144x231.bmp/cc0000/ffffff', 'http://dummyimage.com/112x171.jpg/ff4444/ffffff', 'http://dummyimage.com/200x115.bmp/ff4444/ffffff');
insert into VIDEOS (VIDID, DESCRIPTION, EXTERNALURL, internalurl, title) values (81, 'Replace ventricle shunt', 'http://dummyimage.com/163x154.jpg/dddddd/000000', 'http://dummyimage.com/215x183.bmp/ff4444/ffffff', 'http://dummyimage.com/212x118.bmp/5fa2dd/ffffff');
insert into VIDEOS (VIDID, DESCRIPTION, EXTERNALURL, internalurl, title) values (82, 'Pancreat sphincteroplas', 'http://dummyimage.com/188x221.jpg/5fa2dd/ffffff', 'http://dummyimage.com/219x245.bmp/dddddd/000000', 'http://dummyimage.com/202x163.jpg/ff4444/ffffff');
insert into VIDEOS (VIDID, DESCRIPTION, EXTERNALURL, internalurl, title) values (83, 'Endovas impln grft aorta', 'http://dummyimage.com/148x184.png/dddddd/000000', 'http://dummyimage.com/245x200.jpg/dddddd/000000', 'http://dummyimage.com/198x189.png/ff4444/ffffff');
insert into VIDEOS (VIDID, DESCRIPTION, EXTERNALURL, internalurl, title) values (84, 'Miscellaneous proc NEC', 'http://dummyimage.com/102x218.bmp/dddddd/000000', 'http://dummyimage.com/158x151.bmp/5fa2dd/ffffff', 'http://dummyimage.com/182x142.png/dddddd/000000');
insert into VIDEOS (VIDID, DESCRIPTION, EXTERNALURL, internalurl, title) values (85, 'Nebulizer therapy', 'http://dummyimage.com/138x122.bmp/ff4444/ffffff', 'http://dummyimage.com/190x179.jpg/5fa2dd/ffffff', 'http://dummyimage.com/214x202.png/ff4444/ffffff');
insert into VIDEOS (VIDID, DESCRIPTION, EXTERNALURL, internalurl, title) values (86, 'Wedge osteotomy NOS', 'http://dummyimage.com/117x229.png/cc0000/ffffff', 'http://dummyimage.com/193x155.jpg/ff4444/ffffff', 'http://dummyimage.com/250x104.bmp/cc0000/ffffff');
insert into VIDEOS (VIDID, DESCRIPTION, EXTERNALURL, internalurl, title) values (87, 'Replace trac/laryn stent', 'http://dummyimage.com/124x231.png/ff4444/ffffff', 'http://dummyimage.com/116x200.png/cc0000/ffffff', 'http://dummyimage.com/109x130.jpg/dddddd/000000');
insert into VIDEOS (VIDID, DESCRIPTION, EXTERNALURL, internalurl, title) values (88, 'Abdominal proctopexy', 'http://dummyimage.com/105x194.bmp/5fa2dd/ffffff', 'http://dummyimage.com/130x190.jpg/cc0000/ffffff', 'http://dummyimage.com/127x237.bmp/cc0000/ffffff');
insert into VIDEOS (VIDID, DESCRIPTION, EXTERNALURL, internalurl, title) values (90, 'Remov skel musc stimulat', 'http://dummyimage.com/236x111.bmp/cc0000/ffffff', 'http://dummyimage.com/170x192.jpg/cc0000/ffffff', 'http://dummyimage.com/156x142.bmp/5fa2dd/ffffff');
insert into VIDEOS (VIDID, DESCRIPTION, EXTERNALURL, internalurl, title) values (91, 'Cl reduct mandible fx', 'http://dummyimage.com/115x186.png/dddddd/000000', 'http://dummyimage.com/236x223.bmp/dddddd/000000', 'http://dummyimage.com/230x149.bmp/dddddd/000000');
insert into VIDEOS (VIDID, DESCRIPTION, EXTERNALURL, internalurl, title) values (92, 'Conjunctivorhinos w tube', 'http://dummyimage.com/194x160.jpg/ff4444/ffffff', 'http://dummyimage.com/151x240.png/ff4444/ffffff', 'http://dummyimage.com/183x193.bmp/dddddd/000000');
insert into VIDEOS (VIDID, DESCRIPTION, EXTERNALURL, internalurl, title) values (93, 'Esophagostomy closure', 'http://dummyimage.com/155x146.jpg/dddddd/000000', 'http://dummyimage.com/159x101.jpg/5fa2dd/ffffff', 'http://dummyimage.com/147x212.jpg/ff4444/ffffff');
insert into VIDEOS (VIDID, DESCRIPTION, EXTERNALURL, internalurl, title) values (94, 'Tendon sheath suture', 'http://dummyimage.com/190x189.bmp/dddddd/000000', 'http://dummyimage.com/198x245.bmp/5fa2dd/ffffff', 'http://dummyimage.com/138x162.bmp/ff4444/ffffff');
insert into VIDEOS (VIDID, DESCRIPTION, EXTERNALURL, internalurl, title) values (95, 'Repair of vessel NEC', 'http://dummyimage.com/143x120.png/5fa2dd/ffffff', 'http://dummyimage.com/204x181.png/dddddd/000000', 'http://dummyimage.com/160x147.png/dddddd/000000');
insert into VIDEOS (VIDID, DESCRIPTION, EXTERNALURL, internalurl, title) values (96, 'Noninvas elect stimulatn', 'http://dummyimage.com/240x220.jpg/dddddd/000000', 'http://dummyimage.com/247x138.bmp/5fa2dd/ffffff', 'http://dummyimage.com/141x227.bmp/ff4444/ffffff');
insert into VIDEOS (VIDID, DESCRIPTION, EXTERNALURL, internalurl, title) values (97, 'Oth metac/carp rep/plast', 'http://dummyimage.com/216x113.jpg/ff4444/ffffff', 'http://dummyimage.com/104x244.png/5fa2dd/ffffff', 'http://dummyimage.com/117x169.jpg/ff4444/ffffff');
insert into VIDEOS (VIDID, DESCRIPTION, EXTERNALURL, internalurl, title) values (98, 'Plast op hand w grft NEC', 'http://dummyimage.com/112x121.png/cc0000/ffffff', 'http://dummyimage.com/105x170.jpg/dddddd/000000', 'http://dummyimage.com/139x147.bmp/dddddd/000000');
insert into VIDEOS (VIDID, DESCRIPTION, EXTERNALURL, internalurl, title) values (99, 'Endocervical biopsy', 'http://dummyimage.com/112x171.png/cc0000/ffffff', 'http://dummyimage.com/131x242.png/5fa2dd/ffffff', 'http://dummyimage.com/178x209.png/cc0000/ffffff');
insert into VIDEOS (VIDID, DESCRIPTION, EXTERNALURL, internalurl, title) values (100, 'Esophagectomy NOS', 'http://dummyimage.com/109x237.jpg/dddddd/000000', 'http://dummyimage.com/124x239.jpg/cc0000/ffffff', 'http://dummyimage.com/218x143.bmp/ff4444/ffffff');
insert into SAVEDVIDEOS (vidid, uuid) values (14, 20);
insert into SAVEDVIDEOS (vidid, uuid) values (20, 90);
insert into SAVEDVIDEOS (vidid, uuid) values (14, 65);
insert into SAVEDVIDEOS (vidid, uuid) values (6, 79);
insert into SAVEDVIDEOS (vidid, uuid) values (86, 44);
insert into SAVEDVIDEOS (vidid, uuid) values (42, 88);
insert into SAVEDVIDEOS (vidid, uuid) values (4, 83);
insert into SAVEDVIDEOS (vidid, uuid) values (63, 71);
insert into SAVEDVIDEOS (vidid, uuid) values (31, 82);
insert into SAVEDVIDEOS (vidid, uuid) values (47, 42);
insert into SAVEDVIDEOS (vidid, uuid) values (98, 77);
insert into SAVEDVIDEOS (vidid, uuid) values (47, 94);
insert into SAVEDVIDEOS (vidid, uuid) values (78, 45);
insert into SAVEDVIDEOS (vidid, uuid) values (27, 25);
insert into SAVEDVIDEOS (vidid, uuid) values (66, 97);
insert into SAVEDVIDEOS (vidid, uuid) values (2, 12);
insert into SAVEDVIDEOS (vidid, uuid) values (42, 39);
insert into SAVEDVIDEOS (vidid, uuid) values (12, 97);
insert into SAVEDVIDEOS (vidid, uuid) values (95, 63);
insert into SAVEDVIDEOS (vidid, uuid) values (83, 88);
insert into SAVEDVIDEOS (vidid, uuid) values (83, 82);
insert into SAVEDVIDEOS (vidid, uuid) values (61, 64);
insert into SAVEDVIDEOS (vidid, uuid) values (83, 68);
insert into SAVEDVIDEOS (vidid, uuid) values (24, 67);
insert into SAVEDVIDEOS (vidid, uuid) values (50, 42);
insert into SAVEDVIDEOS (vidid, uuid) values (4, 71);
insert into SAVEDVIDEOS (vidid, uuid) values (19, 86);
insert into SAVEDVIDEOS (vidid, uuid) values (59, 66);
insert into SAVEDVIDEOS (vidid, uuid) values (56, 75);
insert into SAVEDVIDEOS (vidid, uuid) values (79, 36);
insert into SAVEDVIDEOS (vidid, uuid) values (37, 32);
insert into SAVEDVIDEOS (vidid, uuid) values (16, 34);
insert into SAVEDVIDEOS (vidid, uuid) values (68, 80);
insert into SAVEDVIDEOS (vidid, uuid) values (32, 22);
insert into SAVEDVIDEOS (vidid, uuid) values (34, 19);
insert into SAVEDVIDEOS (vidid, uuid) values (30, 79);
insert into SAVEDVIDEOS (vidid, uuid) values (88, 100);
insert into SAVEDVIDEOS (vidid, uuid) values (100, 74);
insert into SAVEDVIDEOS (vidid, uuid) values (35, 69);
insert into SAVEDVIDEOS (vidid, uuid) values (65, 87);
insert into SAVEDVIDEOS (vidid, uuid) values (39, 67);
insert into SAVEDVIDEOS (vidid, uuid) values (22, 24);
insert into SAVEDVIDEOS (vidid, uuid) values (51, 11);
insert into SAVEDVIDEOS (vidid, uuid) values (95, 38);
insert into SAVEDVIDEOS (vidid, uuid) values (43, 76);
insert into SAVEDVIDEOS (vidid, uuid) values (23, 27);
insert into SAVEDVIDEOS (vidid, uuid) values (34, 3);
insert into SAVEDVIDEOS (vidid, uuid) values (49, 36);
insert into SAVEDVIDEOS (vidid, uuid) values (43, 94);
insert into SAVEDVIDEOS (vidid, uuid) values (13, 97);
insert into SAVEDVIDEOS (vidid, uuid) values (47, 53);
insert into SAVEDVIDEOS (vidid, uuid) values (94, 6);
insert into SAVEDVIDEOS (vidid, uuid) values (9, 96);
insert into SAVEDVIDEOS (vidid, uuid) values (29, 45);
insert into SAVEDVIDEOS (vidid, uuid) values (22, 36);
insert into SAVEDVIDEOS (vidid, uuid) values (78, 34);
insert into SAVEDVIDEOS (vidid, uuid) values (12, 98);
insert into SAVEDVIDEOS (vidid, uuid) values (77, 78);
insert into SAVEDVIDEOS (vidid, uuid) values (57, 59);
insert into SAVEDVIDEOS (vidid, uuid) values (38, 69);
insert into SAVEDVIDEOS (vidid, uuid) values (91, 71);
insert into SAVEDVIDEOS (vidid, uuid) values (69, 18);
insert into SAVEDVIDEOS (vidid, uuid) values (81, 32);
insert into SAVEDVIDEOS (vidid, uuid) values (10, 69);
insert into SAVEDVIDEOS (vidid, uuid) values (24, 81);
insert into SAVEDVIDEOS (vidid, uuid) values (17, 68);
insert into SAVEDVIDEOS (vidid, uuid) values (94, 38);
insert into SAVEDVIDEOS (vidid, uuid) values (75, 24);
insert into SAVEDVIDEOS (vidid, uuid) values (85, 30);
insert into SAVEDVIDEOS (vidid, uuid) values (14, 19);
insert into SAVEDVIDEOS (vidid, uuid) values (56, 42);
insert into SAVEDVIDEOS (vidid, uuid) values (48, 4);
insert into SAVEDVIDEOS (vidid, uuid) values (29, 5);
insert into SAVEDVIDEOS (vidid, uuid) values (68, 29);
insert into SAVEDVIDEOS (vidid, uuid) values (72, 98);
insert into SAVEDVIDEOS (vidid, uuid) values (55, 69);
insert into SAVEDVIDEOS (vidid, uuid) values (97, 9);
insert into SAVEDVIDEOS (vidid, uuid) values (91, 30);
insert into SAVEDVIDEOS (vidid, uuid) values (55, 39);
insert into SAVEDVIDEOS (vidid, uuid) values (87, 74);
insert into SAVEDVIDEOS (vidid, uuid) values (51, 41);
insert into SAVEDVIDEOS (vidid, uuid) values (63, 42);
insert into SAVEDVIDEOS (vidid, uuid) values (45, 84);
insert into SAVEDVIDEOS (vidid, uuid) values (19, 99);
insert into SAVEDVIDEOS (vidid, uuid) values (93, 53);



insert into VIDEOCATEGORIES (VIDID, CATID) values (1, 1);
insert into VIDEOCATEGORIES (VIDID, CATID) values (2, 3);
insert into VIDEOCATEGORIES (VIDID, CATID) values (3, 4);
insert into VIDEOCATEGORIES (VIDID, CATID) values (4, 2);
insert into VIDEOCATEGORIES (VIDID, CATID) values (5, 4);
insert into VIDEOCATEGORIES (VIDID, CATID) values (6, 3);
insert into VIDEOCATEGORIES (VIDID, CATID) values (7, 1);
insert into VIDEOCATEGORIES (VIDID, CATID) values (8, 4);
insert into VIDEOCATEGORIES (VIDID, CATID) values (9, 1);
insert into VIDEOCATEGORIES (VIDID, CATID) values (10, 2);
insert into VIDEOCATEGORIES (VIDID, CATID) values (11, 2);
insert into VIDEOCATEGORIES (VIDID, CATID) values (12, 2);
insert into VIDEOCATEGORIES (VIDID, CATID) values (13, 4);
insert into VIDEOCATEGORIES (VIDID, CATID) values (14, 2);
insert into VIDEOCATEGORIES (VIDID, CATID) values (15, 3);
insert into VIDEOCATEGORIES (VIDID, CATID) values (16, 3);
insert into VIDEOCATEGORIES (VIDID, CATID) values (17, 4);
insert into VIDEOCATEGORIES (VIDID, CATID) values (18, 2);
insert into VIDEOCATEGORIES (VIDID, CATID) values (19, 2);
insert into VIDEOCATEGORIES (VIDID, CATID) values (20, 4);
insert into VIDEOCATEGORIES (VIDID, CATID) values (21, 3);
insert into VIDEOCATEGORIES (VIDID, CATID) values (22, 2);
insert into VIDEOCATEGORIES (VIDID, CATID) values (23, 3);
insert into VIDEOCATEGORIES (VIDID, CATID) values (24, 3);
insert into VIDEOCATEGORIES (VIDID, CATID) values (25, 3);
insert into VIDEOCATEGORIES (VIDID, CATID) values (26, 2);
insert into VIDEOCATEGORIES (VIDID, CATID) values (27, 3);
insert into VIDEOCATEGORIES (VIDID, CATID) values (28, 2);
insert into VIDEOCATEGORIES (VIDID, CATID) values (29, 1);
insert into VIDEOCATEGORIES (VIDID, CATID) values (30, 2);
insert into VIDEOCATEGORIES (VIDID, CATID) values (31, 1);
insert into VIDEOCATEGORIES (VIDID, CATID) values (32, 1);
insert into VIDEOCATEGORIES (VIDID, CATID) values (33, 1);
insert into VIDEOCATEGORIES (VIDID, CATID) values (34, 1);
insert into VIDEOCATEGORIES (VIDID, CATID) values (35, 1);
insert into VIDEOCATEGORIES (VIDID, CATID) values (36, 3);
insert into VIDEOCATEGORIES (VIDID, CATID) values (37, 4);
insert into VIDEOCATEGORIES (VIDID, CATID) values (38, 2);
insert into VIDEOCATEGORIES (VIDID, CATID) values (39, 3);
insert into VIDEOCATEGORIES (VIDID, CATID) values (40, 1);
insert into VIDEOCATEGORIES (VIDID, CATID) values (41, 2);
insert into VIDEOCATEGORIES (VIDID, CATID) values (42, 2);
insert into VIDEOCATEGORIES (VIDID, CATID) values (43, 4);
insert into VIDEOCATEGORIES (VIDID, CATID) values (44, 4);
insert into VIDEOCATEGORIES (VIDID, CATID) values (45, 1);
insert into VIDEOCATEGORIES (VIDID, CATID) values (46, 3);
insert into VIDEOCATEGORIES (VIDID, CATID) values (47, 4);
insert into VIDEOCATEGORIES (VIDID, CATID) values (48, 3);
insert into VIDEOCATEGORIES (VIDID, CATID) values (49, 3);
insert into VIDEOCATEGORIES (VIDID, CATID) values (50, 4);
insert into VIDEOCATEGORIES (VIDID, CATID) values (51, 2);
insert into VIDEOCATEGORIES (VIDID, CATID) values (52, 1);
insert into VIDEOCATEGORIES (VIDID, CATID) values (53, 4);
insert into VIDEOCATEGORIES (VIDID, CATID) values (54, 1);
insert into VIDEOCATEGORIES (VIDID, CATID) values (55, 2);
insert into VIDEOCATEGORIES (VIDID, CATID) values (56, 3);
insert into VIDEOCATEGORIES (VIDID, CATID) values (57, 4);
insert into VIDEOCATEGORIES (VIDID, CATID) values (58, 2);
insert into VIDEOCATEGORIES (VIDID, CATID) values (59, 3);
insert into VIDEOCATEGORIES (VIDID, CATID) values (60, 1);
insert into VIDEOCATEGORIES (VIDID, CATID) values (61, 1);
insert into VIDEOCATEGORIES (VIDID, CATID) values (62, 4);
insert into VIDEOCATEGORIES (VIDID, CATID) values (63, 2);
insert into VIDEOCATEGORIES (VIDID, CATID) values (64, 2);
insert into VIDEOCATEGORIES (VIDID, CATID) values (65, 2);
insert into VIDEOCATEGORIES (VIDID, CATID) values (66, 1);
insert into VIDEOCATEGORIES (VIDID, CATID) values (67, 4);
insert into VIDEOCATEGORIES (VIDID, CATID) values (68, 4);
insert into VIDEOCATEGORIES (VIDID, CATID) values (69, 1);
insert into VIDEOCATEGORIES (VIDID, CATID) values (70, 1);
insert into VIDEOCATEGORIES (VIDID, CATID) values (71, 2);
insert into VIDEOCATEGORIES (VIDID, CATID) values (72, 3);
insert into VIDEOCATEGORIES (VIDID, CATID) values (73, 2);
insert into VIDEOCATEGORIES (VIDID, CATID) values (74, 3);
insert into VIDEOCATEGORIES (VIDID, CATID) values (75, 4);
insert into VIDEOCATEGORIES (VIDID, CATID) values (76, 2);
insert into VIDEOCATEGORIES (VIDID, CATID) values (77, 1);
insert into VIDEOCATEGORIES (VIDID, CATID) values (78, 1);
insert into VIDEOCATEGORIES (VIDID, CATID) values (79, 1);
insert into VIDEOCATEGORIES (VIDID, CATID) values (80, 4);
insert into VIDEOCATEGORIES (VIDID, CATID) values (81, 4);
insert into VIDEOCATEGORIES (VIDID, CATID) values (82, 1);
insert into VIDEOCATEGORIES (VIDID, CATID) values (83, 1);
insert into VIDEOCATEGORIES (VIDID, CATID) values (84, 4);
insert into VIDEOCATEGORIES (VIDID, CATID) values (85, 2);
insert into VIDEOCATEGORIES (VIDID, CATID) values (86, 4);
insert into VIDEOCATEGORIES (VIDID, CATID) values (87, 3);
insert into VIDEOCATEGORIES (VIDID, CATID) values (88, 3);
insert into VIDEOCATEGORIES (VIDID, CATID) values (89, 3);
insert into VIDEOCATEGORIES (VIDID, CATID) values (90, 3);
insert into VIDEOCATEGORIES (VIDID, CATID) values (91, 4);
insert into VIDEOCATEGORIES (VIDID, CATID) values (92, 2);
insert into VIDEOCATEGORIES (VIDID, CATID) values (93, 4);
insert into VIDEOCATEGORIES (VIDID, CATID) values (94, 4);
insert into VIDEOCATEGORIES (VIDID, CATID) values (95, 2);
insert into VIDEOCATEGORIES (VIDID, CATID) values (96, 2);
insert into VIDEOCATEGORIES (VIDID, CATID) values (97, 3);
insert into VIDEOCATEGORIES (VIDID, CATID) values (98, 1);
insert into VIDEOCATEGORIES (VIDID, CATID) values (99, 3);
insert into VIDEOCATEGORIES (VIDID, CATID) values (100, 1);


alter sequence hibernate_sequence restart with 300;
